{
    "best_reward": -0.08896726610613859,
    "action": [
        0.0,
        0.5160802006721497,
        0.0,
        0.45675888657569885,
        0.0,
        0.07690011709928513,
        0.0
    ],
    "info": {
        "delay_ns": 27.5991,
        "wirelength": 25427.0,
        "power_w": 0.008926,
        "width": 19,
        "height": 19,
        "dsps": [
            [
                1,
                1
            ],
            [
                9,
                1
            ],
            [
                1,
                5
            ],
            [
                7,
                1
            ],
            [
                1,
                9
            ],
            [
                3,
                1
            ]
        ],
        "mems": [
            [
                2,
                1
            ]
        ],
        "vtr_return_code": 0
    }
}