{
    "best_reward": -0.009497569460715156,
    "action": [
        1.0,
        1.0,
        0.0,
        0.9661844372749329,
        1.0,
        0.8804135918617249,
        0.0
    ],
    "info": {
        "delay_ns": 7.39016,
        "wirelength": 46658.0,
        "power_w": 0.026,
        "width": 19,
        "height": 19,
        "dsps": [
            [
                15,
                1
            ],
            [
                15,
                5
            ],
            [
                1,
                1
            ],
            [
                15,
                9
            ],
            [
                15,
                13
            ],
            [
                13,
                1
            ]
        ],
        "mems": [
            [
                2,
                1
            ]
        ],
        "vtr_return_code": 0
    }
}